866467,::1,GET,http://localhost/drupal-10.1.4/admin/modules,1696585754,866467,200
7b39fa,::1,GET,http://localhost/drupal-10.1.4/admin/config/development/configuration/single/export,1696585758,7b39fa,200
a01a1d,::1,GET,http://localhost/drupal-10.1.4/admin/config/development/configuration/single/export,1696585758,7b39fa,200
c05d27,::1,GET,http://localhost/drupal-10.1.4/admin/config/development/configuration/single/export,1696585758,7b39fa,200
53e992,::1,GET,http://localhost/drupal-10.1.4/admin/config/development/configuration/single/export,1696585758,7b39fa,200
0f4300,::1,GET,http://localhost/drupal-10.1.4/admin/config/development/configuration/single/export,1696585758,7b39fa,200
6c5972,::1,GET,http://localhost/drupal-10.1.4/admin/config/development/configuration/single/export,1696585758,7b39fa,200
39a65c,::1,GET,http://localhost/drupal-10.1.4/admin/config/development/configuration/single/export,1696585758,7b39fa,200
15861c,::1,GET,http://localhost/drupal-10.1.4/admin/config/development/configuration/single/export,1696585758,7b39fa,200
f45f2c,::1,GET,http://localhost/drupal-10.1.4/admin/config/development/configuration/single/export,1696585758,7b39fa,200
535ed7,::1,GET,http://localhost/drupal-10.1.4/admin/config/development/configuration/single/export,1696585758,7b39fa,200
7e7e0f,::1,GET,http://localhost/drupal-10.1.4/weather-now,1696585765,7e7e0f,200
cd30ed,::1,GET,http://localhost/drupal-10.1.4/weather-now,1696585765,7e7e0f,200
bd2483,::1,GET,http://localhost/drupal-10.1.4/weather-now,1696585765,7e7e0f,200
d5a801,::1,GET,http://localhost/drupal-10.1.4/weather-now,1696585765,7e7e0f,200
dc763c,::1,GET,http://localhost/drupal-10.1.4/weather-now,1696585765,7e7e0f,200
e5949c,::1,GET,http://localhost/drupal-10.1.4/weather-now,1696585765,7e7e0f,200
d67884,::1,GET,http://localhost/drupal-10.1.4/weather-now,1696585765,7e7e0f,200
7d07f9,::1,GET,http://localhost/drupal-10.1.4/weather-now,1696585765,7e7e0f,200
9c3a1f,::1,GET,http://localhost/drupal-10.1.4/current-weather,1696585772,9c3a1f,200
1c0bb4,::1,GET,http://localhost/drupal-10.1.4/current-weather,1696585772,9c3a1f,200
8797da,::1,GET,http://localhost/drupal-10.1.4/current-weather,1696585772,9c3a1f,200
dc76bd,::1,GET,http://localhost/drupal-10.1.4/current-weather,1696585772,9c3a1f,200
f716cb,::1,GET,http://localhost/drupal-10.1.4/current-weather,1696585772,9c3a1f,200
9c51b0,::1,GET,http://localhost/drupal-10.1.4/current-weather,1696585772,9c3a1f,200
e0ad91,::1,GET,http://localhost/drupal-10.1.4/current-weather,1696585772,9c3a1f,200
2aa67e,::1,GET,http://localhost/drupal-10.1.4/current-weather,1696585772,9c3a1f,200
a41789,::1,GET,http://localhost/drupal-10.1.4/,1696585780,a41789,200
fc19da,::1,GET,http://localhost/drupal-10.1.4/,1696585780,a41789,200
63bc5f,::1,GET,http://localhost/drupal-10.1.4/,1696585780,a41789,200
4d8009,::1,GET,http://localhost/drupal-10.1.4/,1696585780,a41789,200
bdbbb1,::1,GET,http://localhost/drupal-10.1.4/,1696585780,a41789,200
904220,::1,GET,http://localhost/drupal-10.1.4/,1696585780,a41789,200
bc0036,::1,GET,http://localhost/drupal-10.1.4/rss.xml,1696585781,bc0036,200
634970,::1,GET,http://localhost/drupal-10.1.4/,1696585784,634970,200
7108aa,::1,GET,http://localhost/drupal-10.1.4/,1696585784,634970,200
93eb66,::1,GET,http://localhost/drupal-10.1.4/,1696585784,634970,200
c90d6d,::1,GET,http://localhost/drupal-10.1.4/,1696585784,634970,200
59e330,::1,GET,http://localhost/drupal-10.1.4/,1696585784,634970,200
36ff8b,::1,GET,http://localhost/drupal-10.1.4/,1696585784,634970,200
